user_id,login,name,total_repos,total_stars_received,total_forks_received,avg_stars_per_repo,account_age_days,repos_per_year,followers,following,follower_ratio,h_index,impact_score,primary_languages,primary_language_1,language_diversity,industries_served,primary_industry,has_readme_pct,has_license_pct,total_open_issues,days_since_last_push,is_active
498448,charlesmartin14,Charles Martin,3,22,13,7.333333333333333,5587,0.1959906926794344,188,54,3.4814814814814814,2,236,"Jupyter Notebook, Ruby",Jupyter Notebook,2,1,M,1.0,0.3333333333333333,6,379,False
214755104,EzerZuniga,Ezer Benito Zuñiga chura ,13,120,13,9.23076923076923,284,16.70774647887324,12,3,4.0,9,158,"TypeScript, Astro, Blade",TypeScript,9,7,I,1.0,0.9230769230769231,8,1,True
20654016,HLena,Elena Gordillo Viña,1,1,0,1.0,3519,0.10372264847968173,28,32,0.875,1,29,Java,Java,1,1,Q,1.0,0.0,0,2313,False
164355095,Jeremyvc2202,Jeremy Villacrez,4,8,0,2.0,724,2.016574585635359,1,1,1.0,2,9,"C++, CSS, Kotlin",C++,3,4,S,0.25,0.0,0,152,False
6383593,ricjuanflores,Juan Flores,1,8,2,8.0,4444,0.08213321332133214,4,4,1.0,1,16,Python,Python,1,1,J,1.0,1.0,2,416,False
24356603,goandreus,Andres Chavez,22,53,6,2.409090909090909,3389,2.3694305104750666,555,1338,0.4147982062780269,3,620,"Dart, Go, Rust",Dart,5,3,J,0.9545454545454546,0.045454545454545456,4,935,False
32233200,Mars-tin,Martin Ziqiao Ma,7,247,10,35.285714285714285,3094,0.82579185520362,228,102,2.235294117647059,5,495,"Python, HTML, Jupyter Notebook",Python,3,3,M,1.0,0.2857142857142857,1,166,False
73418962,Elcornevic,Victor Guillermo Cornejo Villanueva,1,2,0,2.0,1967,0.18556176919166242,3,0,3.0,1,5,R,R,1,1,M,1.0,1.0,0,892,False
50345067,alexRai98,Rai,4,11,0,2.75,2504,0.5830670926517572,6,4,1.5,2,17,"CSS, Ruby, HTML",CSS,4,3,J,0.75,0.0,33,1142,False
427535,dcmartin,DC Martin,7,18,4,2.5714285714285716,5640,0.4530141843971631,64,26,2.4615384615384617,3,90,"Shell, Python, JavaScript",Shell,3,4,I,1.0,1.0,1,998,False
47969,nicolas-mosconi,Nicolas Mosconi,2,8,0,4.0,6263,0.11655756027462877,7,0,7.0,2,15,C++,C++,1,2,M,0.5,0.0,0,6066,False
5052489,imarpe,Instituto del Mar del Perú,3,5,3,1.6666666666666667,4621,0.236961696602467,7,0,7.0,1,18,"R, Smarty",R,2,2,A,1.0,0.0,5,2047,False
11188092,jasminejeane,Jasmine Martin,1,6,3,6.0,4036,0.0904360753221011,27,4,6.75,1,39,JavaScript,JavaScript,1,1,G,1.0,0.0,0,2609,False
11514837,TenKenZero,Lenin Carrasco,1,2,1,2.0,4016,0.09088645418326693,2,1,2.0,1,6,Python,Python,1,1,Q,1.0,1.0,1,243,False
14082070,neunapp,Neunapp,20,42,31,2.1,3847,1.8975825318429946,60,1,60.0,4,164,"Python, CSS, Vue",Python,6,2,J,0.85,0.0,14,529,False
7337141,dcyar,Jhon Achata Limachi,9,25,11,2.7777777777777777,4349,0.7553460565647275,22,2,11.0,2,69,"PHP, Java, Astro",PHP,4,3,J,0.7777777777777778,0.1111111111111111,0,801,False
90013732,ALYA-MIKAEL,Valeria Saidid Miranda Ibarra,2,2,1,1.0,1654,0.441354292623942,5,11,0.45454545454545453,1,9,Python,Python,1,1,J,0.5,0.0,0,314,False
130936574,AliKnows,AliKnows,5,5,0,1.0,1063,1.7168391345249294,39,137,0.2846715328467153,1,44,"HTML, Java, JavaScript",HTML,3,4,J,0.4,0.0,0,178,False
17274950,giancarlosisasi,Giancarlos Isasi,8,43,10,5.375,3680,0.7934782608695653,23,22,1.0454545454545454,3,86,"TypeScript, Go, JavaScript",TypeScript,4,2,J,1.0,0.25,0,155,False
49346366,jcaramantin,Jhoan Caramantin,4,7,2,1.75,2534,0.5761641673243884,29,99,0.29292929292929293,1,40,"JavaScript, Jupyter Notebook, C#",JavaScript,4,3,J,0.75,0.25,0,715,False
1541836,dennisbot,Dennis Huillca Portilla,2,5,10,2.5,5112,0.14280125195618154,20,43,0.46511627906976744,1,45,"PHP, C++",PHP,2,2,J,1.0,0.5,1,3373,False
38089794,fastworkx,Fastworkx S.R.L.,1,16,8,16.0,2901,0.12581868321268527,0,0,0.0,1,32,PHP,PHP,1,1,J,1.0,0.0,5,1577,False
40885546,GalaxyTraining,Galaxy Training,1,2,0,2.0,2809,0.12993948024207905,53,0,53.0,1,55,C#,C#,1,1,J,0.0,0.0,0,1238,False
127633330,CrhistianAquino1984,Crhistian Aquino,2,3,1,1.5,1099,0.6642402183803457,1,3,0.3333333333333333,1,6,"HTML, JavaScript",HTML,2,1,P,0.5,0.0,0,1095,False
1307948,drmad,Oliver Etchebarne,4,95,25,23.75,5182,0.2817445001929757,29,17,1.7058823529411764,2,174,"Shell, C, PHP",Shell,4,1,J,1.0,1.0,3,550,False
50188432,Ddrojaz,DDRojas,1,3,0,3.0,2509,0.14547628537265844,1,0,1.0,1,4,JavaScript,JavaScript,1,1,J,1.0,0.0,0,1148,False
100012260,AlexSystem19,HuGod | UXDevOps.net,4,4,0,1.0,1485,0.9831649831649832,3,12,0.25,1,7,C#,C#,1,3,J,0.5,0.0,0,596,False
115769418,Jeremitc,JeremiTC,1,1,0,1.0,1248,0.2924679487179487,20,84,0.23809523809523808,1,21,C++,C++,1,1,J,1.0,0.0,0,490,False
20645536,Terrakill5,Jose Briceño,1,2,0,2.0,3520,0.10369318181818182,1,0,1.0,1,3,HTML,HTML,1,1,J,0.0,0.0,0,1274,False
58184133,Enryuk3,Cristopher Guzmán,14,19,0,1.3571428571428572,2301,2.22077357670578,19,20,0.95,1,38,"HTML, JavaScript, CSS",HTML,4,5,J,0.6428571428571429,0.07142857142857142,0,400,False
102426024,Kochq,Mateo Koch,1,3,0,3.0,1450,0.2517241379310345,4,8,0.5,1,7,Java,Java,1,1,P,1.0,0.0,0,478,False
5640041,yg-apaza,Yuliana Apaza,3,17,13,5.666666666666667,4540,0.24118942731277532,24,14,1.7142857142857142,2,67,"HTML, JavaScript, Java",HTML,3,2,J,0.6666666666666666,0.6666666666666666,11,1137,False
149842,gabetax,Gabe Martin-Dempesy,6,221,52,36.833333333333336,5972,0.3667113194909578,72,74,0.972972972972973,5,397,"Ruby, PHP",Ruby,2,3,M,1.0,0.8333333333333334,4,1065,False
115020164,seyoncito,Cesar Huamani,1,1,0,1.0,1258,0.2901430842607313,0,0,0.0,1,1,Java,Java,1,1,J,0.0,0.0,0,146,False
9202761,alfredopaz,Alfredo Paz Valderrama,6,6,0,1.0,4170,0.5251798561151079,22,0,22.0,1,28,"C, Python, TeX",C,4,1,P,0.6666666666666666,0.3333333333333333,0,191,False
5897318,jhumbertoh,Jose Hurtado,1,2,0,2.0,4508,0.08096716947648624,18,25,0.72,1,20,Java,Java,1,1,P,1.0,0.0,0,2140,False
38768001,jmayta1984,Jorge M,14,38,17,2.7142857142857144,2879,1.7749218478638416,228,19,12.0,3,300,"Kotlin, TSQL, Dart",Kotlin,6,2,J,0.14285714285714285,0.0,0,107,False
42879133,martinsam16,Martín Alexis Samán Arata,9,69,23,7.666666666666667,2752,1.1936773255813953,33,25,1.32,3,148,"Python, Java, JavaScript",Python,5,4,J,0.7777777777777778,0.2222222222222222,8,733,False
1703064,martinwells,Martin Wells,2,578,63,289.0,5063,0.144183290539206,26,6,4.333333333333333,2,730,JavaScript,JavaScript,1,2,R,1.0,0.5,3,3802,False
105665409,SalvadorSarmiento,Eduardo Salvador Araujo Sarmiento,1,1,0,1.0,1398,0.26108726752503575,1,0,1.0,1,2,,,0,1,J,1.0,0.0,0,357,False
8290696,programacionparaaprender,Programación para aprender,2,4,0,2.0,4248,0.1718455743879473,286,309,0.9255663430420712,2,290,TypeScript,TypeScript,1,1,J,1.0,0.0,0,306,False
19536044,piligab,Pilar Gabriela Serrano Quispe,1,1,0,1.0,3582,0.10189838079285315,5,0,5.0,1,6,,,0,1,J,1.0,0.0,0,2977,False
33938832,FenixLM,Felix Lamadrid,2,9,0,4.5,3033,0.240685789647214,13,5,2.6,2,22,"Python, TypeScript",Python,2,1,J,0.5,0.0,0,268,False
65608253,JosueNoha,Josue Julianz Noha Valdiva,1,1,0,1.0,2126,0.17168391345249295,29,32,0.90625,1,30,Python,Python,1,1,M,0.0,0.0,0,1181,False
64569347,gianvallejos92,Gian Vallejos,2,3,1,1.5,2145,0.34032634032634035,8,1,8.0,1,13,JavaScript,JavaScript,1,1,J,1.0,0.0,0,837,False
101891501,IngSystemCix,Juan B. Romero C.,1,6,1,6.0,1457,0.2505147563486616,7,2,3.5,1,15,CSS,CSS,1,1,P,1.0,0.0,0,1089,False
135391459,HEARELMER,Elmer,2,2,0,1.0,1016,0.718503937007874,2,3,0.6666666666666666,1,4,"Java, Python",Java,2,1,J,0.5,0.0,0,205,False
1254674,jeffrom,Jeff Martin,3,16,1,5.333333333333333,5208,0.21025345622119818,43,100,0.43,3,61,"JavaScript, Go",JavaScript,2,2,J,1.0,0.3333333333333333,12,115,False
16847375,PaulESantos,Paul Efren,29,44,3,1.5172413793103448,3704,2.8577213822894167,30,46,0.6521739130434783,3,80,"R, HTML, C++",R,4,4,M,0.896551724137931,0.6551724137931034,0,17,True
8503732,devaige,Aige,4,5509,1236,1377.25,4225,0.3455621301775148,1178,1,1178.0,3,9159,"Java, Kotlin",Java,2,2,J,1.0,0.5,66,3,True
173285566,MayaCS30,Maya,13,26,4,2.0,634,7.4842271293375395,1,2,0.5,2,35,"Python, Java, CSS",Python,5,6,P,0.07692307692307693,0.0,0,152,False
40831149,DataScienceResearchPeru,Data Science Research Peru,28,1041,318,37.17857142857143,2811,3.6357168267520454,174,0,174.0,6,1851,"Jupyter Notebook, Python, JavaScript",Jupyter Notebook,3,5,P,1.0,0.4642857142857143,22,561,False
1801446,angelolev,Angelo Leva,4,11,2,2.75,5035,0.28997020854021843,48,2,24.0,2,63,"TypeScript, Astro, JavaScript",TypeScript,3,2,J,1.0,0.0,13,16,True
300238,emedinaa,Eduardo José Medina Alfaro,24,685,134,28.541666666666668,5758,1.5213615838832928,506,761,0.6649145860709592,7,1459,"Kotlin, Java",Kotlin,2,2,J,1.0,0.25,3,1003,False
9729704,mtli,Martin Li,10,937,133,93.7,4139,0.8818555206571635,74,3,24.666666666666668,7,1277,"Python, Matlab, HTML",Python,4,2,M,1.0,1.0,10,162,False
2458287,hinantin,Hinantin,9,22,7,2.4444444444444446,4913,0.6686342357012008,7,0,7.0,3,43,"Perl, Raku, C++",Perl,6,3,M,1.0,0.3333333333333333,5,267,False
44477388,apholdings,SoloPython,42,487,158,11.595238095238095,2697,5.6840934371523915,674,0,674.0,11,1477,"Python, JavaScript, HTML",Python,6,4,J,0.38095238095238093,0.11904761904761904,6,397,False
25042132,bryamrrr,Bryam Rodriguez,2,4,0,2.0,3350,0.21791044776119403,13,0,13.0,1,17,JavaScript,JavaScript,1,1,J,1.0,0.0,0,3238,False
2904059,leeja,José Luis Lee Rázuri,2,4,2,2.0,4855,0.15036045314109164,6,0,6.0,2,14,PHP,PHP,1,2,J,1.0,0.0,0,3962,False
115027362,Josesaso45,Jose_Montero_Vilcas,5,5,0,1.0,1258,1.4507154213036566,3,30,0.1,1,8,"CSS, Jupyter Notebook, HTML",CSS,3,2,P,0.8,0.2,1,353,False
1459486,eLRuLL,Raul Gallegos,7,8,7,1.1428571428571428,5135,0.4975657254138267,69,12,5.75,1,91,"C++, Python, Julia",C++,3,4,J,0.8571428571428571,0.0,1,1742,False
130894533,luishu533,Luis Huanca,3,3,0,1.0,1064,1.0291353383458646,3,0,3.0,1,6,"HTML, JavaScript",HTML,2,3,J,1.0,0.3333333333333333,0,404,False
139652922,JhonAQ,Jhonatan David Arias Quispe,13,17,1,1.3076923076923077,973,4.876670092497431,33,44,0.75,2,52,"HTML, Java, JavaScript",HTML,7,6,P,0.6153846153846154,0.07692307692307693,5,89,True
4944483,jumanor,Jorge Cotrado,10,47,29,4.7,4636,0.7873166522864538,15,0,15.0,4,120,"HTML, Java, JavaScript",HTML,4,4,J,0.9,0.2,0,164,False
97780529,Siris4,Gavin Martin,1,2,0,2.0,1520,0.24013157894736845,1012,1680,0.6023809523809524,1,1014,Python,Python,1,1,S,0.0,0.0,0,513,False
34951894,hackanonimous,Jose Alvarez Escobar,3,5,0,1.6666666666666667,2997,0.3653653653653654,24,14,1.7142857142857142,1,29,"Python, Jupyter Notebook",Python,2,2,J,1.0,0.0,0,149,False
106293111,Edsghot,Ed soto huamanhorcco,3,8,0,2.6666666666666665,1389,0.7883369330453563,5,4,1.25,2,13,"C#, JavaScript",C#,2,3,M,0.6666666666666666,0.0,0,1146,False
80786948,juniorencode,Carlos Junior Ramos Vasquez,3,7,0,2.3333333333333335,1824,0.600328947368421,6,0,6.0,2,13,JavaScript,JavaScript,1,1,J,1.0,0.0,0,236,False
124643592,AlexMP-Dev,Elmer Alexis Muguerza Prieto,2,2,0,1.0,1132,0.6448763250883391,3,2,1.5,1,5,Java,Java,1,2,S,0.5,0.0,2,773,False
117586102,abelvillasecaco,Abel Villaseca,2,5,7,2.5,1225,0.5959183673469387,11,0,11.0,1,30,HTML,HTML,1,2,P,0.5,0.0,0,2,True
205622515,hexed-AAL1X,AAL1X,7,45,15,6.428571428571429,349,7.320916905444126,708,435,1.6275862068965516,5,783,"C++, CSS, Python",C++,3,4,J,0.8571428571428571,0.0,0,85,True
62476166,dinoroca,Dino Emerson Roca Laurente,1,3,0,3.0,2185,0.16704805491990846,4,2,2.0,1,7,HTML,HTML,1,1,J,1.0,0.0,0,1339,False
52333132,PedroMolina17,Pedro Molina Noa,5,5,0,1.0,2451,0.744594043247654,16,16,1.0,1,21,TypeScript,TypeScript,1,2,J,0.8,0.0,0,508,False
70351020,DinaRocio,Dina Rocio ,4,5,1,1.25,2025,0.7209876543209875,30,50,0.6,1,37,"TypeScript, JavaScript, HTML",TypeScript,3,2,J,1.0,0.25,4,1028,False
226014,kreichgauer,Martin Kreichgauer,1,2,0,2.0,5840,0.0625,47,9,5.222222222222222,1,49,Python,Python,1,1,J,0.0,0.0,3,5172,False
80079103,lhuaytaflores,Lenin Huayta Flores,2,5,1,2.5,1836,0.3976034858387799,2,0,2.0,2,9,Jupyter Notebook,Jupyter Notebook,1,2,Q,0.5,0.0,0,590,False
8764595,cyacarinic,Claudio Yacarini,5,7,1,1.4,4200,0.43452380952380953,5,1,5.0,1,14,"Python, CSS, Objective-C",Python,4,1,J,0.4,0.2,0,2503,False
611699,hpneo,Gustavo Leon,12,42,12,3.5,5511,0.7947740881872618,367,2,183.5,4,433,"JavaScript, Ruby, HTML",JavaScript,4,3,J,0.8333333333333334,0.25,15,31,True
81202733,FREY-RONDAN,Frey Rondan,1,1,0,1.0,1818,0.20077007700770078,0,3,0.0,1,1,Jupyter Notebook,Jupyter Notebook,1,1,M,1.0,0.0,0,1461,False
11506904,gerardocorn,Gerardo C. Mamani,1,1,0,1.0,4016,0.09088645418326693,12,102,0.11764705882352941,1,13,,,0,1,M,1.0,0.0,0,104,False
57047708,Gonzalogdlr,Gonzalo Gianmarco Gutiérrez de la Rosa,1,3,0,3.0,2331,0.1565851565851566,24,45,0.5333333333333333,1,27,JavaScript,JavaScript,1,1,J,0.0,1.0,0,1669,False
64493192,DCodeMaker07,David Saavedra,32,33,0,1.03125,2146,5.442684063373719,3,11,0.2727272727272727,1,36,"TypeScript, JavaScript, Python",TypeScript,5,4,J,0.6875,0.03125,0,5,True
114497422,skyps2003,luis,11,11,0,1.0,1265,3.1739130434782608,0,2,0.0,1,11,"JavaScript, PHP, Java",JavaScript,6,7,J,0.7272727272727273,0.0,0,61,True
104741907,gabriela-pzambrano,Gabriela Zambrano,2,2,0,1.0,1413,0.5166312809624911,14,5,2.8,1,16,JavaScript,JavaScript,1,2,I,1.0,0.0,7,1067,False
9041124,ejosymart,Josymar Torrejón-Magallanes,4,8,2,2.0,4177,0.34953315776873356,44,124,0.3548387096774194,2,56,"R, HTML",R,2,1,A,1.0,0.25,1,832,False
3597900,MartinCastroAlvarez,Martín,17,74,14,4.352941176470588,4776,1.2992043551088777,383,1444,0.26523545706371193,5,485,"Python, Java, Rust",Python,6,3,J,0.9411764705882353,0.0,17,623,False
14113955,jonycordero,jony joel,3,3,0,1.0,3845,0.2847854356306892,5,10,0.5,1,8,"PHP, JavaScript",PHP,2,1,J,1.0,0.0,0,2738,False
65838616,maxsolfar,Máximo Solis Farfan,11,15,0,1.3636363636363635,2121,1.8929750117868929,18,5,3.6,2,33,"JavaScript, TypeScript",JavaScript,2,7,R,0.8181818181818182,0.0,30,988,False
10574326,escueladigital,EDteam,13,560,517,43.07692307692308,4075,1.1644171779141104,1000,0,1000.0,7,2594,"JavaScript, CSS, HTML",JavaScript,4,3,J,0.6923076923076923,0.5384615384615384,44,1110,False
67403486,Raisa320,Raisa Orellana,1,2,1,2.0,2089,0.17472474868358068,11,17,0.6470588235294118,1,15,Python,Python,1,1,J,1.0,0.0,0,1209,False
43937420,alejandrorodrom,Alejandro Rodriguez Romero,1,2,0,2.0,2715,0.13443830570902393,5,4,1.25,1,7,TypeScript,TypeScript,1,1,J,1.0,1.0,0,103,False
3883699,armandoaepp,Armando Enrique Pisfil Puemape,3,10,15,3.3333333333333335,4747,0.23067200337054983,1,0,1.0,2,41,"CSS, SCSS",CSS,2,1,J,0.6666666666666666,0.0,1,823,False
30203503,novvier,Novvier Uscuchagua,1,2,0,2.0,3164,0.11536030341340077,5,4,1.25,1,7,R,R,1,1,M,1.0,0.0,0,2872,False
18169352,DanielCamarena,Daniel Camarena,4,14,3,3.5,3637,0.4014297497937861,51,618,0.0825242718446602,1,71,"TeX, HTML",TeX,2,2,P,1.0,0.5,0,92,False
3168050,miguelmartin75,Miguel Martin,17,641,83,37.705882352941174,4820,1.287344398340249,77,65,1.1846153846153846,5,884,"C++, Nim, Shell",C++,4,4,J,0.9411764705882353,0.47058823529411764,42,4,True
3615859,aocsa,Alexander Ocsa,17,24,6,1.411764705882353,4774,1.299748638458316,70,130,0.5384615384615384,2,106,"C++, Python, CMake",C++,6,1,J,0.9411764705882353,0.5294117647058824,6,85,True
32296818,YasminMattos,Yasmin,1,1,0,1.0,3092,0.11804657179818888,37,51,0.7254901960784313,1,38,,,0,1,I,1.0,0.0,0,2901,False
1976010,supertinou,Martin Lagrange,3,57,28,19.0,4991,0.21939491083951113,107,237,0.45147679324894513,3,220,Ruby,Ruby,1,1,J,1.0,0.6666666666666666,8,3832,False
141697,Tombar,Martin Loy,2,4,0,2.0,5991,0.12184944082790852,53,87,0.6091954022988506,2,57,Python,Python,1,1,J,1.0,0.0,0,4857,False
12684674,HearTom,Tomas Hernandez,5,11,8,2.2,3941,0.46308043643745245,49,1,49.0,3,76,"Java, Visual Basic",Java,2,3,J,0.0,0.0,0,3207,False
105084458,ArvickJara,Arvic Kenedi Jara,8,9,2,1.125,1408,2.0738636363636362,5,6,0.8333333333333334,1,18,"SCSS, HTML, Hack",SCSS,4,2,J,0.625,0.0,1,94,False
9049,snorecone,Mark Martin,4,28,5,7.0,6526,0.22372050260496476,42,23,1.826086956521739,3,80,"Erlang, JavaScript, Ruby",Erlang,3,2,J,0.75,0.5,4,1347,False
106676335,EdwardMelendezM,Edward Melendez Mendigure,11,19,1,1.7272727272727273,1383,2.9031091829356472,16,6,2.6666666666666665,1,37,"TypeScript, Go, CSS",TypeScript,7,4,J,0.9090909090909091,0.0,0,258,False
2745567,mriscoc,Miguel Risco-Castillo,20,3857,585,192.85,4875,1.4974358974358974,1110,2,555.0,9,6137,"C++, Pascal, C",C++,8,3,J,1.0,0.75,22,2,True
1113924,kerpie,Kerry,3,11,20,3.6666666666666665,5271,0.20774046670461013,35,0,35.0,2,86,Java,Java,1,1,J,1.0,0.0,2,3174,False
175563577,Nunu-DMG09,Nudav Studio,3,7,0,2.3333333333333335,608,1.800986842105263,8,7,1.1428571428571428,2,15,"JavaScript, Java",JavaScript,2,3,Q,1.0,0.6666666666666666,0,83,True
232113,Reflejo,Martín Conte Mac Donell,17,940,343,55.294117647058826,5830,1.0643224699828473,80,3,26.666666666666668,8,1706,"Python, Swift, Objective-C",Python,7,4,J,0.8823529411764706,0.4117647058823529,41,997,False
58860559,lhernerremon,Lherner Remon,2,2,0,1.0,2283,0.31975470871660094,5,8,0.625,1,7,Python,Python,1,1,J,0.5,0.5,0,1591,False
57896895,chano64123,Jose Gutierrez,1,2,0,2.0,2309,0.15807708964919878,11,7,1.5714285714285714,1,13,HTML,HTML,1,1,J,0.0,1.0,0,733,False
11042573,Neomartin,Martín Rodríguez,3,7,1,2.3333333333333335,4044,0.2707715133531157,35,3,11.666666666666666,2,44,"JavaScript, HTML",JavaScript,2,2,J,0.6666666666666666,0.0,0,135,False
13384115,fabianmerino,Fabian Merino,2,5,0,2.5,3893,0.18751605445671718,7,7,1.0,2,12,"TypeScript, Svelte",TypeScript,2,2,M,1.0,0.0,1,49,True
1810547,eddumelendez,Eddú Meléndez Gonzales,6,79,13,13.166666666666666,5033,0.4351281541823962,506,135,3.748148148148148,3,611,Java,Java,1,1,J,0.6666666666666666,0.8333333333333334,2,16,True
115272446,Standylc,Alejandro Jeanpiere Melendez Leon,1,2,0,2.0,1255,0.2908366533864542,0,0,0.0,1,2,HTML,HTML,1,1,J,1.0,0.0,0,1255,False
62267772,elliotgaramendi,Elliot Leo Garamendi Sarmiento,13,704,217,54.15384615384615,2189,2.1676564641388762,282,3,94.0,6,1420,"HTML, JavaScript, Python",HTML,6,4,J,1.0,0.0,3,2,True
43669,willywg,William Wong Garay,4,23,11,5.75,6281,0.2324470625696545,80,140,0.5714285714285714,3,125,"Ruby, JavaScript",Ruby,2,1,J,1.0,0.5,0,59,True
136985422,NeoKode,NeKosmic,1,77,126,77.0,1001,0.36463536463536467,19,22,0.8636363636363636,1,348,JavaScript,JavaScript,1,1,J,1.0,1.0,0,162,False
104025084,AlexTRDev,Alex Terrones Rivera,5,5,1,1.0,1425,1.280701754385965,7,6,1.1666666666666667,1,14,"Java, JavaScript",Java,2,3,J,1.0,0.0,0,1288,False
16279201,ValerioGomez,Valerio Gomez ,3,9,3,3.0,3744,0.2924679487179487,3,6,0.5,2,18,"JavaScript, CSS",JavaScript,2,2,S,0.6666666666666666,0.6666666666666666,1,883,False
444680,xonecas,Sean Caetano Martin,15,166,29,11.066666666666666,5626,0.9731603270529684,105,59,1.7796610169491525,4,329,"JavaScript, Shell, VimL",JavaScript,3,3,J,0.9333333333333333,0.0,2,2666,False
47544543,cerberodev,Pierre  Guillen ,21,24,16,1.1428571428571428,2588,2.9617465224111283,104,351,0.2962962962962963,2,160,"Dart, Kotlin, C++",Dart,3,5,J,0.9523809523809523,0.3333333333333333,10,373,False
64846247,frankalvarezdev,Frank Alvarez,22,45,3,2.0454545454545454,2140,3.7523364485981308,24,54,0.4444444444444444,3,75,"TypeScript, JavaScript, SCSS",TypeScript,7,4,J,0.9090909090909091,0.18181818181818182,1,259,False
71612750,georgegiosue,George Giosue,14,36,4,2.5714285714285716,2001,2.553723138430785,22,21,1.0476190476190477,3,66,"Kotlin, TypeScript, Python",Kotlin,9,8,J,0.9285714285714286,0.6428571428571429,14,69,True
49843602,DavidYaipen,David Yaipén,2,4,0,2.0,2519,0.28979753870583563,6,11,0.5454545454545454,2,10,"JavaScript, HTML",JavaScript,2,2,S,1.0,0.0,0,1645,False
3240322,ronaldsmartin,Ronald Martin,4,556,82,139.0,4811,0.3034712118062773,72,41,1.7560975609756098,3,792,"Java, Kotlin, Objective-C",Java,3,3,J,1.0,1.0,47,2215,False
3142308,AlexandroBazan,Alexandro Bazán Ladines,2,28,13,14.0,4825,0.15129533678756477,35,1,35.0,2,89,JavaScript,JavaScript,1,1,J,1.0,0.5,2,3112,False
1832457,neyder,Neyder Achahuanco,1,2,0,2.0,5027,0.07260791724686692,4,1,4.0,1,6,Smarty,Smarty,1,1,J,1.0,0.0,0,2329,False
61076196,franki-wolf1,Franki Briones,23,25,3,1.0869565217391304,2220,3.7815315315315314,3,5,0.6,1,34,"TypeScript, HTML, JavaScript",TypeScript,7,4,J,0.9565217391304348,0.13043478260869565,36,102,False
3599197,frdtorres,Fred Torres Cruz,1,2,8,2.0,4776,0.07642378559463986,12,7,1.7142857142857142,1,30,HTML,HTML,1,1,J,0.0,0.0,7,1170,False
1118135,joedayz,José Díaz,5,20,72,4.0,5269,0.34636553425697475,604,43,14.046511627906977,3,768,"Java, HTML, C#",Java,3,1,J,0.8,0.4,2,2,True
4896200,eyllanesc,Edwin Yllanes,13,454,342,34.92307692307692,4640,1.0226293103448276,265,1,265.0,6,1403,"Python, C++, CMake",Python,5,3,J,0.9230769230769231,1.0,17,1,True
39932324,PieroCastillo,Piero Castillo,15,766,60,51.06666666666667,2840,1.9278169014084507,195,977,0.19959058341862845,5,1081,"C#, C++",C#,2,3,J,0.8666666666666667,0.6,14,5,True
7518464,jmontes50,Jorge Osmar Montesinos Aramayo,11,16,1,1.4545454545454546,4329,0.9274659274659275,80,23,3.4782608695652173,2,98,"JavaScript, HTML, C++",JavaScript,3,3,J,0.6363636363636364,0.09090909090909091,1,92,False
18494040,Chasty,Willy Rosa,4,19,4,4.75,3620,0.4033149171270718,12,83,0.14457831325301204,2,39,"TypeScript, Python",TypeScript,2,2,J,1.0,0.25,3,60,True
14001107,paucaro,Paula Asto,6,28,17,4.666666666666667,3853,0.5683882688813912,45,8,5.625,2,107,"Dart, HTML",Dart,2,3,J,1.0,0.0,0,2004,False
55208000,ElmerJeanpierreLopez,Elmer López,2,13,5,6.5,2376,0.30723905723905726,6,0,6.0,2,29,"Jupyter Notebook, Python",Jupyter Notebook,2,2,M,1.0,1.0,1,2322,False
116055924,Kevincarlosqa,Kevin Quispe Aquise,1,1,0,1.0,1244,0.2934083601286173,39,403,0.0967741935483871,1,40,JavaScript,JavaScript,1,1,J,1.0,0.0,0,625,False
1321736,soncco,Braulio Soncco,4,15,7,3.75,5177,0.2820166119374155,19,22,0.8636363636363636,1,48,"Python, JavaScript, PHP",Python,3,2,J,0.5,0.5,2,879,False
1312018,sergiodxa,Sergio Xalambrí,70,8403,574,120.04285714285714,5180,4.9324324324324325,2204,170,12.964705882352941,27,11755,"TypeScript, JavaScript",TypeScript,2,1,J,0.9285714285714286,0.6285714285714286,283,4,True
53663762,cwray-tech,Christopher Wray,4,31,21,7.75,2415,0.6045548654244306,50,50,1.0,3,123,"Vue, JavaScript, Blade",Vue,4,2,J,1.0,0.25,26,379,False
577277,martinwicke,Martin Wicke,4,555,237,138.75,5531,0.2639667329596818,472,2,236.0,3,1501,"Python, Jupyter Notebook, JavaScript",Python,3,3,P,1.0,1.0,5,2900,False
71897736,UltiRequiem,Eliaz Bobadilla,15,56,21,3.7333333333333334,1996,2.7429859719438876,250,38,6.578947368421052,4,348,"TypeScript, PHP, Assembly",TypeScript,6,3,J,1.0,0.7333333333333333,34,55,True
47792684,cesarmsq,cesar supo,1,4,0,4.0,2580,0.14147286821705427,2,3,0.6666666666666666,1,6,Jupyter Notebook,Jupyter Notebook,1,1,P,1.0,0.0,0,1348,False
6463592,nixtoshi,David Lopez,4,86,6,21.5,4435,0.32919954904171367,9,8,1.125,2,107,"HTML, JavaScript",HTML,2,3,J,0.75,0.25,1,1051,False
11976865,Benjacho,Benjamin Flores Copa,6,168,107,28.0,3986,0.5494229804315103,20,7,2.857142857142857,2,402,"PHP, Jupyter Notebook, JavaScript",PHP,3,1,J,0.6666666666666666,0.3333333333333333,72,637,False
8379937,kiwidamien,Damien Martin,5,155,64,31.0,4238,0.4306276545540349,60,6,10.0,3,343,"Python, Jupyter Notebook, Matlab",Python,3,3,P,0.6,0.0,1,993,False
89204234,gustarting,Gustavo Mamani,7,23,0,3.2857142857142856,1669,1.5308568004793288,352,424,0.8301886792452831,3,375,"JavaScript, TypeScript, HTML",JavaScript,3,2,J,1.0,0.14285714285714285,0,346,False
115683237,yupanquiah,Humberto Yupanqui Apaza,4,20,2,5.0,1249,1.1689351481184949,10,7,1.4285714285714286,3,34,"Astro, Shell, JavaScript",Astro,3,2,J,1.0,0.75,1,56,True
66932285,bryan142857,Víctor B Velásquez Huamán,3,4,1,1.3333333333333333,2099,0.5216769890424011,1,44,0.022727272727272728,1,7,"Jupyter Notebook, C++, Python",Jupyter Notebook,3,3,A,0.3333333333333333,0.6666666666666666,0,1274,False
120763209,yeisonagm,Yeison Garcia,3,3,0,1.0,1184,0.924831081081081,5,7,0.7142857142857143,1,8,"TypeScript, Java",TypeScript,2,1,J,0.6666666666666666,0.0,0,357,False
21202542,Noodle96,Jorge Tito,7,10,0,1.4285714285714286,3490,0.7320916905444126,25,38,0.6578947368421053,2,35,"C++, MATLAB, C#",C++,6,2,P,1.0,0.0,0,4,True
5367670,falconshady,Luis Alberto Macedo Gonzales,1,1,0,1.0,4576,0.07976398601398602,1,1,1.0,1,2,Vue,Vue,1,1,J,1.0,1.0,0,290,False
220792905,RonaldoChambillaRojas,Ronaldo Rojas,1,2,0,2.0,243,1.5020576131687242,4,6,0.6666666666666666,1,6,JavaScript,JavaScript,1,1,J,1.0,0.0,0,239,False
36812672,sergiomauz,Sergio Zambrano,7,23,3,3.2857142857142856,2940,0.8690476190476191,36,38,0.9473684210526315,3,65,"JavaScript, C#, TSQL",JavaScript,4,4,P,1.0,1.0,0,161,False
29237807,cesarmayta,César Mayta,5,5,0,1.0,3203,0.5697783328129877,47,12,3.9166666666666665,1,52,"Python, CSS",Python,2,3,P,1.0,0.0,0,35,True
40478271,ELECTROALL,ELECTROALL,37,58,24,1.5675675675675675,2823,4.783917817924194,218,0,218.0,3,324,C++,C++,1,6,J,1.0,0.0,1,52,True
2207415,spiermar,Martin Spier,11,1196,163,108.72727272727273,4951,0.8109472833770955,383,66,5.803030303030303,6,1905,"JavaScript, Jupyter Notebook, Go",JavaScript,7,3,J,0.9090909090909091,0.45454545454545453,43,1,True
4792446,ederivero,Eduardo de Rivero Manrique,38,56,28,1.4736842105263157,4647,2.9847213255863996,67,12,5.583333333333333,3,179,"TypeScript, Python, JavaScript",TypeScript,5,2,J,0.6052631578947368,0.05263157894736842,178,118,False
8053607,AngelRodRo,Alejandro,4,12,4,3.0,4273,0.34168031827755674,24,10,2.4,2,44,"JavaScript, CSS",JavaScript,2,1,J,1.0,0.0,8,782,False
111806234,SmoKINGcrimSON,SmoKING crimSON,1,1,0,1.0,1300,0.28076923076923077,3,0,3.0,1,4,JavaScript,JavaScript,1,1,G,0.0,0.0,0,664,False
127185004,JuniorChistemas,Junior15Dev,1,4,2,4.0,1104,0.33061594202898553,9,3,3.0,1,17,Blade,Blade,1,1,J,1.0,1.0,0,14,True
2148833,jlinformatico,Jorge Antonio Linares Vera,1,3,2,3.0,4961,0.07357387623463012,8,1,8.0,1,15,PHP,PHP,1,1,J,1.0,1.0,0,3831,False
5394154,fabian818,Fabian Peña,5,7,1,1.4,4573,0.39908156571178655,37,23,1.608695652173913,1,46,"Shell, TypeScript, Python",Shell,4,4,J,0.8,0.0,10,1096,False
234049,mateusfreira,Mateus Freira dos Santos,12,180,18,15.0,5828,0.7515442690459849,200,35,5.714285714285714,5,416,"JavaScript, Rust, Java",JavaScript,5,2,J,0.9166666666666666,0.3333333333333333,21,7,True
52834007,adelgadop,Alejandro Delgado (Jano),5,22,4,4.4,2437,0.7488715633976201,35,32,1.09375,3,65,"Jupyter Notebook, Shell, Python",Jupyter Notebook,3,3,Q,1.0,0.0,3,29,True
16414449,ivaneliascl,Ivan Elias Carrasco Lupinta,1,1,0,1.0,3735,0.09772423025435073,6,11,0.5454545454545454,1,7,C++,C++,1,1,R,1.0,0.0,0,3721,False
7347327,bryamrr,Bryam Rodriguez,1,1,0,1.0,4348,0.08394664213431463,19,0,19.0,1,20,Java,Java,1,1,P,1.0,0.0,0,3524,False
936,cjmartin,Chris Martin,9,31,9,3.4444444444444446,6591,0.4984069185252617,64,13,4.923076923076923,4,113,"Ruby, JavaScript, Objective-C",Ruby,4,1,J,1.0,0.1111111111111111,2,4160,False
92251336,jhonrolyol,Jhon Roly ,58,68,0,1.1724137931034482,1617,13.092145949288808,35,735,0.047619047619047616,2,103,"TeX, Jupyter Notebook, Java",TeX,11,6,P,0.5517241379310345,0.06896551724137931,0,90,False
39389947,lissavcasas,Lissa Casas,3,8,1,2.6666666666666665,2858,0.38313505948215537,239,182,1.3131868131868132,2,249,"Dart, JavaScript",Dart,2,1,J,1.0,0.0,0,1885,False
1480608,jemehua,jeronimo,5,5,0,1.0,5129,0.35581984792357185,4,1,4.0,1,9,"Ruby, JavaScript",Ruby,2,3,J,0.8,0.2,0,4919,False
170835252,vargasnaut,,1,1,0,1.0,658,0.554711246200608,1,4,0.25,1,2,C++,C++,1,1,P,1.0,0.0,0,28,True
51397083,Railly,Railly Hugo,11,1416,84,128.72727272727272,2475,1.6222222222222222,240,42,5.714285714285714,7,1824,"TypeScript, Astro, JavaScript",TypeScript,4,2,J,1.0,0.45454545454545453,39,1,True
56744917,JelsinPalomino,Jelsin Palomino,1,1,0,1.0,2339,0.15604959384352288,9,68,0.1323529411764706,1,10,,,0,1,M,1.0,0.0,0,1409,False
20130753,wilsongthb,Wilson Pilco,2,4,0,2.0,3550,0.20563380281690138,5,8,0.625,2,9,"JavaScript, Python",JavaScript,2,2,P,0.5,0.5,4,1120,False
75133106,LilWhitte,Carlo Steffano Arróspide Gambini,1,1,0,1.0,1934,0.18872802481902792,0,0,0.0,1,1,PHP,PHP,1,1,J,0.0,0.0,0,796,False
864790,joelibaceta,Joel Ibaceta,5,11,0,2.2,5380,0.3392193308550186,657,1150,0.571304347826087,2,668,"Jupyter Notebook, C++, JavaScript",Jupyter Notebook,3,4,M,1.0,0.2,0,271,False
20690965,johnhooks,John Hooks,9,41,2,4.555555555555555,3517,0.9340346886551038,26,71,0.36619718309859156,3,71,"TypeScript, PHP, Emacs Lisp",TypeScript,4,3,J,1.0,1.0,17,48,True
12788039,SaulMontoya,Saul Montoya,17,99,70,5.823529411764706,3933,1.5776760742435798,182,3,60.666666666666664,5,421,"Jupyter Notebook, VBA",Jupyter Notebook,2,5,M,0.29411764705882354,0.0,3,1752,False
40411693,JoseObeso,Jose Obeso,1,1,0,1.0,2825,0.12920353982300883,0,11,0.0,1,1,Java,Java,1,1,J,0.0,0.0,0,1322,False
11233738,sinchijackal,Richarth,2,20,0,10.0,4033,0.18100669476816267,7,15,0.4666666666666667,1,27,HTML,HTML,1,1,J,1.0,0.5,2,550,False
4744927,danielfuentes,Ángel Daniel Fuentes Segura,28,151,143,5.392857142857143,4651,2.197376908191787,839,744,1.1276881720430108,7,1276,"PHP, JavaScript, EJS",PHP,6,4,J,0.8214285714285714,0.0,11,907,False
80434257,Emerson-Portugal,emersoncrp,15,23,8,1.5333333333333334,1830,2.9918032786885247,28,8,3.5,2,67,"Python, JavaScript, Shell",Python,4,5,J,1.0,0.0,0,741,False
11504548,karitotp,Karito Tenorio Palomino,1,1,0,1.0,4017,0.0908638287279064,6,0,6.0,1,7,JavaScript,JavaScript,1,1,J,0.0,0.0,0,2822,False
57740386,ctucnoc,Cristian Tucno Conde,2,2,0,1.0,2313,0.3156074362300043,7,0,7.0,1,9,"Java, PLpgSQL",Java,2,1,P,0.5,0.0,0,1025,False
86632845,yeltsinale,Yeltsin,1,1,0,1.0,1720,0.21220930232558138,3,1,3.0,1,4,,,0,1,J,0.0,0.0,0,1588,False
181403325,MiguelVivar,Miguel Vivar,2,8,0,4.0,548,1.3321167883211678,9,11,0.8181818181818182,2,17,TypeScript,TypeScript,1,2,P,1.0,0.0,0,150,False
29429,abelmartin,Abel Martin,4,23,6,5.75,6358,0.22963195973576597,67,184,0.3641304347826087,3,102,"JavaScript, Ruby",JavaScript,2,2,J,0.75,0.0,0,4370,False
1592216,edgarapaza,Edgar Apaza,1,2,7,2.0,5097,0.07161075142240533,14,2,7.0,1,30,,,0,1,J,0.0,0.0,0,1085,False
20079828,Nighteyez07,Duncan Nisbett,1,3,5,3.0,3553,0.10273008725021109,3,7,0.42857142857142855,1,16,C++,C++,1,1,J,0.0,0.0,0,2981,False
69639410,programadorescs,Jack Chavez Saravia,4,31,7,7.75,2040,0.7156862745098039,12,0,12.0,3,57,Kotlin,Kotlin,1,2,J,1.0,0.0,0,649,False
16215,martindemello,Martin DeMello,10,51,8,5.1,6460,0.565015479876161,77,9,8.555555555555555,4,144,"OCaml, Ruby, Shell",OCaml,6,4,J,0.9,0.8,1,473,False
10450905,fakel,Fares A. Akel C.,4,4,1,1.0,4084,0.3574926542605289,45,36,1.25,1,51,JavaScript,JavaScript,1,2,J,0.75,0.5,23,1104,False
891216,bajaloreto,Hugo Quintero,1,4,2,4.0,5369,0.06798286459303408,7,20,0.35,1,15,,,0,1,P,1.0,0.0,0,2256,False
39337536,siutau,Siu Tau Leon,3,6,0,2.0,2860,0.38286713286713286,7,10,0.7,2,13,"Dart, Java, TypeScript",Dart,3,3,I,1.0,0.6666666666666666,0,1232,False
41349009,bitmakerla,Bitmaker,8,219,24,27.375,2797,1.0439756882373972,27,0,27.0,4,294,"Python, TypeScript, HTML",Python,3,1,J,1.0,0.375,19,4,True
65962972,CarlosJhulyan,Jhulyan,6,11,2,1.8333333333333333,2119,1.033506370929684,7,5,1.4,2,22,"JavaScript, Pug, HTML",JavaScript,3,5,J,0.8333333333333334,0.16666666666666666,0,1365,False
24969384,pav-dev98,Pavel Mansilla Goyas,1,2,0,2.0,3354,0.10882528324388789,3,3,1.0,1,5,TypeScript,TypeScript,1,1,J,1.0,1.0,0,67,True
64096637,DavidMarioLC,DavidMarioLC,26,36,2,1.3846153846153846,2153,4.407803065490014,49,48,1.0208333333333333,3,89,"JavaScript, TypeScript, HTML",JavaScript,4,7,J,0.8846153846153846,0.0,0,19,True
65048311,Brother-Antony,Antony Elmer,22,35,0,1.5909090909090908,2136,3.7593632958801497,22,7,3.142857142857143,2,57,"HTML, JavaScript, CSS",HTML,6,5,J,0.6363636363636364,0.09090909090909091,1,19,True
163893381,Karen17Mendoza,Karen Mendoza,1,1,0,1.0,726,0.5027548209366391,17,7,2.4285714285714284,1,18,,,0,1,S,1.0,0.0,0,146,False
2582866,carlosthe19916,Carlos Feria,2,4,1,2.0,4896,0.14910130718954248,69,27,2.5555555555555554,1,75,TypeScript,TypeScript,1,1,J,1.0,0.5,1,379,False
42578792,rodp63,Joaquin Palma,10,30,6,3.0,2763,1.3210278682591385,21,5,4.2,3,63,"C++, Python, C",C++,5,3,J,1.0,1.0,5,678,False
51211585,MarcoAntonioBaronEffio,Marco Antonio Barón Effio,1,3,0,3.0,2480,0.14717741935483872,5,0,5.0,1,8,Java,Java,1,1,J,0.0,0.0,0,1876,False
1689010,kelymartinezp,Kely,3,3,0,1.0,5068,0.21606156274664562,46,27,1.7037037037037037,1,49,"Ruby, JavaScript",Ruby,2,2,M,1.0,0.0,0,3277,False
117321672,JostinHv,Youssef Josten Herrera Vilchez,4,4,0,1.0,1228,1.1889250814332248,2,3,0.6666666666666666,1,6,"PHP, JavaScript, TypeScript",PHP,3,2,K,1.0,0.0,0,218,False
113204671,DianaQuintanaY,Diana Quintana,1,3,0,3.0,1282,0.28471138845553823,8,5,1.6,1,11,JavaScript,JavaScript,1,1,R,1.0,0.0,0,1274,False
17020511,juanxodj,Juan Sánchez,1,2,0,2.0,3694,0.09880887926367081,6,3,2.0,1,8,Vue,Vue,1,1,J,1.0,0.0,0,1317,False
61527316,dcajasn,Riskfolio,5,3835,615,767.0,2208,0.8265398550724637,503,0,503.0,4,5568,"C++, Jupyter Notebook, Python",C++,3,3,K,1.0,0.6,0,7,True
723723,mgonto,Martin Gontovnikas,43,9141,1071,212.58139534883722,5451,2.879288203999266,824,0,824.0,13,12107,"JavaScript, CSS, HTML",JavaScript,8,5,J,0.9302325581395349,0.3488372093023256,305,3,True
131488004,mabelolivera10,MABEL QUISPE OLIVERA,81,713,185,8.802469135802468,1058,27.944234404536864,1196,0,1196.0,11,2279,"CSS, JavaScript, HTML",CSS,3,2,J,1.0,0.0,6,130,False
10386219,YeisonBTS,Yeison Eduardo,1,3,8,3.0,4088,0.08928571428571429,2,4,0.5,1,21,AutoHotkey,AutoHotkey,1,1,R,1.0,0.0,0,2932,False
10981880,mnbucher,Martin JJ. Bucher,2,19,6,9.5,4048,0.18033596837944663,34,67,0.5074626865671642,2,65,Jupyter Notebook,Jupyter Notebook,1,2,J,1.0,0.5,0,628,False
54047442,FranH20,Franklin Huichi Contreras,2,4,1,2.0,2406,0.3034081463009144,33,41,0.8048780487804879,2,39,"Python, TypeScript",Python,2,1,J,0.5,0.5,0,817,False
52869811,kevinPerezGarcia,Kevin (Kevo) Perez Garcia,9,10,3,1.1111111111111112,2436,1.3485221674876848,29,80,0.3625,1,45,"Stata, Jupyter Notebook, TeX",Stata,3,2,M,0.8888888888888888,0.1111111111111111,1,305,False
75584352,HackUnderway,Hack Underway,26,989,195,38.03846153846154,1924,4.9324324324324325,222,0,222.0,13,1601,"Python, CSS",Python,2,4,J,1.0,0.9615384615384616,11,2,True
26855595,LaMalditaProgramadora,Jimena Alexandra Ruiz Cerna,8,40,15,5.0,3268,0.8935128518971849,202,17,11.882352941176471,4,272,"Java, C#, JavaScript",Java,3,3,P,0.125,0.0,1,633,False
81894363,cesaracjota,Cesar Acjota Merma,32,42,1,1.3125,1806,6.4673311184939095,235,4,58.75,2,279,"JavaScript, TypeScript, Java",JavaScript,9,6,J,0.9375,0.0625,6,355,False
1459760,martin-liu,Martin Liu,6,47,20,7.833333333333333,5135,0.42648490749756574,34,61,0.5573770491803278,2,121,"TypeScript, Astro, CSS",TypeScript,5,2,J,1.0,0.16666666666666666,6,17,True
29420547,rubenpazch,Ruben Paz Chuspe,41,100,5,2.4390243902439024,3196,4.68241551939925,86,138,0.6231884057971014,4,196,"Ruby, JavaScript, CSS",Ruby,6,8,J,0.975609756097561,0.12195121951219512,280,27,True
29098422,NoeMelo,Noé Melo Locumber,8,13,5,1.625,3210,0.9096573208722741,7,2,3.5,2,30,"Jupyter Notebook, JavaScript, HTML",Jupyter Notebook,3,4,J,1.0,0.0,0,1126,False
133463267,jorgemunozl,Jorge Munoz Lar,17,124,6,7.294117647058823,1037,5.983606557377049,312,1027,0.3037974683544304,7,448,"Python, Jupyter Notebook, Shell",Python,6,3,M,0.8235294117647058,0.23529411764705882,41,1,True
2133361,jmloyola,Juan Martin Loyola,7,22,7,3.142857142857143,4964,0.5147058823529412,33,25,1.32,3,69,"Python, Jupyter Notebook, TeX",Python,3,2,M,1.0,1.0,4,780,False
30003438,percyelbis,Percy Elbis Colque,19,32,1,1.6842105263157894,3172,2.1863177805800755,20,40,0.5,3,54,"Python, JavaScript, Jupyter Notebook",Python,5,4,M,0.5789473684210527,0.0,0,146,False
109693459,luccemhu,Joel Ccallocunto,2,2,1,1.0,1333,0.5476369092273068,13,35,0.37142857142857144,1,17,HTML,HTML,1,1,M,1.0,0.5,0,530,False
2969,skiz,Josh Martin,21,129,19,6.142857142857143,6576,1.165602189781022,48,32,1.5,4,215,"Ruby, JavaScript, KiCad",Ruby,4,3,J,0.9523809523809523,0.5714285714285714,1,3188,False
7544049,DanielEdu,Daniel Eduardo Portugal Revilla,7,19,10,2.7142857142857144,4326,0.5906148867313916,42,19,2.210526315789474,3,81,"Scala, Python",Scala,2,3,P,0.7142857142857143,0.14285714285714285,0,1,True
22333076,enzoftware,Enzo Lizama Paredes ,32,415,133,12.96875,3462,3.3737723859041013,304,1332,0.22822822822822822,7,985,"Dart, Kotlin, Java",Dart,9,7,J,1.0,0.15625,26,5,True
1412870,sirghost,Jimmy Valverde Sanchez,4,5,0,1.25,5151,0.283440108716754,20,207,0.0966183574879227,1,25,"Jupyter Notebook, Scala",Jupyter Notebook,2,1,J,1.0,0.5,2,1768,False
14990458,popehiflo,Pool Petter Hijuela Florian,5,6,2,1.2,3813,0.4786257539994755,7,5,1.4,1,17,"JavaScript, Java, CSS",JavaScript,3,5,S,1.0,0.2,0,189,False
31930527,MrBrault,Justin Brault,2,4,2,2.0,3105,0.2351046698872786,3,0,3.0,2,11,HTML,HTML,1,1,J,1.0,0.0,3,1207,False
88926388,Jose-pe,Jose L. Corazao,15,18,0,1.2,1674,3.270609318996416,85,101,0.8415841584158416,2,103,"PHP, HTML, CSS",PHP,6,1,J,0.9333333333333333,0.0,0,215,False
8814630,JairFrancesco,Jair Francesco,6,20,6,3.3333333333333335,4196,0.5219256434699714,19,8,2.375,2,51,"JavaScript, C++, C#",JavaScript,5,5,J,0.6666666666666666,0.3333333333333333,1,2300,False
34093991,omhmichaels,Michael  Martin,7,17,9,2.4285714285714284,3028,0.8437912813738441,51,286,0.17832167832167833,2,86,"Java, Mustache, Shell",Java,5,2,J,0.8571428571428571,0.8571428571428571,0,1384,False
387111,PuercoPop,Javier Olaechea,5,18,1,3.6,5671,0.321812731440663,223,711,0.3136427566807314,3,243,"Common Lisp, Python",Common Lisp,2,1,J,0.8,0.6,0,834,False
34749770,hershak,Galia,1,1,0,1.0,3005,0.12146422628951746,3,5,0.6,1,4,,,0,1,J,1.0,0.0,0,3005,False
54015740,sheylaPozo,Sʜᴇʏʟᴀ Pᴏᴢᴏ,49,141,2,2.877551020408163,2407,7.430411300373909,81,61,1.3278688524590163,5,226,"JavaScript, Ruby, HTML",JavaScript,6,5,J,0.9795918367346939,0.4897959183673469,1,1345,False
1317294,jardix22,Joseph Ramos,2,6,0,3.0,5178,0.1409810737736578,24,32,0.75,2,30,"Ruby, JavaScript",Ruby,2,1,J,0.5,0.0,2,5116,False
343265,mjambon,Martin Jambon,40,736,89,18.4,5712,2.5560224089635857,320,177,1.807909604519774,13,1234,"OCaml, Shell, Makefile",OCaml,5,5,J,1.0,0.775,44,9,True
42551197,AsulconS,Adrian Bedregal,12,24,1,2.0,2763,1.5852334419109664,20,24,0.8333333333333334,3,46,"C++, JavaScript, Python",C++,6,6,M,1.0,0.3333333333333333,1,43,True
33587369,blackadress,Erland,5,15,10,3.0,3045,0.5993431855500821,15,29,0.5172413793103449,2,50,"HTML, Python, Go",HTML,4,2,J,0.4,0.0,9,425,False
76859196,Husdady,Imanol Enrique,1,3,0,3.0,1898,0.1923076923076923,7,9,0.7777777777777778,1,10,JavaScript,JavaScript,1,1,R,1.0,0.0,0,1631,False
185739372,LizandroTanta,Lizandro Tanta,5,5,0,1.0,510,3.5784313725490193,2,2,1.0,1,7,Java,Java,1,3,J,0.4,0.2,1,104,False
76046080,axl72,Axl,3,14,1,4.666666666666667,1916,0.5715031315240083,4,19,0.21052631578947367,1,20,"Python, TypeScript",Python,2,2,J,0.6666666666666666,0.3333333333333333,0,170,False
16582728,RichardZC,Richard Zapata,1,1,2,1.0,3720,0.09811827956989247,2,0,2.0,1,7,VBA,VBA,1,1,J,0.0,0.0,0,1725,False
64216614,acidcoolffc,,2,24,1,12.0,2151,0.3393770339377034,15,0,15.0,2,41,"Svelte, JavaScript",Svelte,2,2,J,0.5,0.5,16,1165,False
70618781,FernandoGavilan2000,Fernando Ramiro Gavilán Hernández,3,10,0,3.3333333333333335,2020,0.5420792079207921,3,8,0.375,2,13,"CSS, Dart, JavaScript",CSS,3,3,J,1.0,0.0,0,1153,False
10676479,calberto185,carlosVM,2,2,2,1.0,4068,0.17944936086529006,2,16,0.125,1,8,Java,Java,1,2,J,1.0,0.0,4,3519,False
2100779,rikardocorp,Ricardo Coronado,3,18,4,6.0,4969,0.22036627087945262,4,3,1.3333333333333333,2,30,"Jupyter Notebook, Python, HTML",Jupyter Notebook,3,2,M,1.0,0.0,0,2557,False
750525,mama21mama,guagua,2,4,1,2.0,5438,0.13424052960647295,7,4,1.75,2,13,Shell,Shell,1,1,J,1.0,0.5,0,1960,False
45292867,dqarias,Dino Ronald Quispe Arias,6,33,0,5.5,2669,0.8205320344698389,30,39,0.7692307692307693,4,63,"JavaScript, CSS, SCSS",JavaScript,3,2,J,1.0,0.0,5,1246,False
23284899,ambarja,Antony Barja ,9,73,7,8.11111111111111,3416,0.9616510538641686,257,464,0.5538793103448276,4,344,"R, JavaScript, HTML",R,3,3,M,1.0,0.5555555555555556,4,3,True
156117774,TechAtlasDev,Giovanny A. Jimenez,6,9,1,1.5,795,2.7547169811320757,22,8,2.75,1,33,"Python, TypeScript",Python,2,4,J,0.8333333333333334,0.5,0,113,False
139504059,JaremGallegos,Joseph Gallegos,9,9,0,1.0,975,3.3692307692307693,293,601,0.4875207986688852,1,302,"Rust, Makefile, JavaScript",Rust,5,2,J,0.8888888888888888,0.6666666666666666,0,17,True
18422289,FrankSVP,FrankSVP,15,27,17,1.8,3624,1.5107615894039736,128,12,10.666666666666666,3,189,"C#, Java, Python",C#,5,4,J,0.3333333333333333,0.0,0,44,True
76791753,rodolfo-riveros,,2,3,1,1.5,1900,0.38421052631578945,0,0,0.0,1,5,"PHP, Blade",PHP,2,2,J,1.0,0.0,0,248,False
10949373,WCNosliwsys,Wilson Callisaya,1,2,1,2.0,4050,0.09012345679012344,12,0,12.0,1,16,Dart,Dart,1,1,J,1.0,0.0,3,1042,False
25406162,brunonavarro,Bruno Navarro,3,22,0,7.333333333333333,3332,0.3286314525810324,6,8,0.75,3,28,Kotlin,Kotlin,1,1,J,1.0,1.0,3,404,False
18016035,nhuamani,Nilton Huamaní,29,29,0,1.0,3644,2.9047749725576293,9,27,0.3333333333333333,1,38,"JavaScript, Java, TypeScript",JavaScript,10,2,J,0.8620689655172413,0.4482758620689655,24,297,False
37123867,DanielMartinAlarcon,Daniel Martin-Alarcon,4,20,3,5.0,2930,0.4982935153583618,34,0,34.0,2,60,"Jupyter Notebook, HTML",Jupyter Notebook,2,4,M,1.0,1.0,10,1193,False
11638149,mayconxhh,Maycon Xavier H H,2,2,0,1.0,4008,0.18213572854291415,12,14,0.8571428571428571,1,14,"TypeScript, JavaScript",TypeScript,2,1,J,1.0,0.0,23,1163,False
89100676,BMRCVIP,Brandon Rodriguez,1,1,0,1.0,1670,0.21856287425149704,1,1,1.0,1,2,Java,Java,1,1,M,0.0,0.0,0,1235,False
54775933,Luaylin,Jorge Luis Calle Morales,1,1,0,1.0,2386,0.15297569153394802,3,2,1.5,1,4,Dart,Dart,1,1,G,1.0,0.0,0,1247,False
108824074,arnoldbgm,Arnold Gallegos,8,9,2,1.125,1347,2.1677802524127694,61,3,20.333333333333332,1,74,"JavaScript, Python",JavaScript,2,2,J,0.75,0.0,0,7,True
16768318,csaybar,Cesar Aybar,33,315,137,9.545454545454545,3708,3.248381877022654,555,67,8.283582089552239,7,1144,"Python, R, Jupyter Notebook",Python,6,5,M,0.9393939393939394,0.6666666666666666,21,362,False
5783264,AdrianFullStack, Adrián Suclupe,1,4,0,4.0,4522,0.08071649712516586,3,1,3.0,1,7,JavaScript,JavaScript,1,1,J,1.0,0.0,0,697,False
108639529,dunlk,Milton Omar Ytusaca Vilca,1,2,2,2.0,1350,0.27037037037037037,2,7,0.2857142857142857,1,8,JavaScript,JavaScript,1,1,P,1.0,0.0,0,1350,False
18562089,feyaluciano,feyaluciano,1,1,1,1.0,3616,0.10094026548672566,2,16,0.125,1,5,C#,C#,1,1,J,0.0,0.0,0,1440,False
12465979,dvolkow,Daniel Wolkow,5,6,0,1.2,3956,0.461324570273003,10,12,0.8333333333333334,1,16,"Python, C++, TeX",Python,4,2,M,1.0,0.6,13,1456,False
98637169,RodrigoChumpitaz,Rodrigo Chumpitaz,3,8,1,2.6666666666666665,1506,0.7270916334661355,16,5,3.2,2,26,"TypeScript, JavaScript",TypeScript,2,1,J,1.0,0.0,0,447,False
101151458,AngelaTestino,Angela Testino,3,4,1,1.3333333333333333,1468,0.7459128065395095,9,11,0.8181818181818182,1,15,JavaScript,JavaScript,1,2,J,0.3333333333333333,0.0,0,1011,False
178603947,luis-huaney-lino-devops,Luis Alberto Huaney Lino,2,4,1,2.0,575,1.2695652173913043,1,2,0.5,2,7,"JavaScript, TypeScript",JavaScript,2,1,J,1.0,1.0,1,51,True
110061249,aalvaropc,alvarop,7,8,0,1.1428571428571428,1327,1.9253956292388847,28,109,0.25688073394495414,1,36,"Go, TypeScript, JavaScript",Go,5,3,J,1.0,0.42857142857142855,0,0,True
33765137,alainm23,Alain,17,5101,303,300.05882352941177,3039,2.041790062520566,395,49,8.061224489795919,4,6102,"Vala, TypeScript, HTML",Vala,5,4,J,0.7647058823529411,0.4117647058823529,279,8,True
9284690,ivandevp,Ivan Medina,6,28,31,4.666666666666667,4167,0.525557955363571,262,87,3.0114942528735633,3,352,JavaScript,JavaScript,1,3,P,0.6666666666666666,0.0,41,1166,False
98291422,ernanimendonca,Ernani Mendonça,5,5,0,1.0,1511,1.2078093977498345,83,109,0.7614678899082569,1,88,HTML,HTML,1,1,J,1.0,0.0,0,1485,False
203321,matiskay,Edgar Marca,20,258,34,12.9,5873,1.242976332368466,100,210,0.47619047619047616,2,426,"Python, Shell, JavaScript",Python,7,3,J,0.9,0.15,96,49,True
31359121,hebertdev,hebert villafuerte,28,44,20,1.5714285714285714,3123,3.272494396413705,39,4,9.75,4,123,"HTML, JavaScript, CSS",HTML,5,6,J,0.4642857142857143,0.17857142857142858,26,2,True
12980264,ichaparroc,Israel Chaparro,3,7,0,2.3333333333333335,3920,0.27933673469387754,10,3,3.3333333333333335,2,17,"Python, Jupyter Notebook",Python,2,2,P,1.0,0.0,0,119,False
201184204,abogkevincana,Kevin Cana Maguiña,1,1,0,1.0,380,0.9605263157894738,5,13,0.38461538461538464,1,6,,,0,1,J,0.0,0.0,0,281,False
155261549,stella-sre,stella,4,19,3,4.75,805,1.813664596273292,9,27,0.3333333333333333,1,34,"Shell, Rust, Go",Shell,4,2,J,0.75,0.25,0,8,True
21105282,oscaramos,Oscar Ramos,9,17,5,1.8888888888888888,3496,0.9396453089244851,29,10,2.9,2,56,"JavaScript, TypeScript, C++",JavaScript,3,5,J,1.0,0.3333333333333333,3,1412,False
253504991,ListopadXD2009,sapphy wapphy,6,7,0,1.1666666666666667,67,32.6865671641791,6,8,0.75,1,13,C#,C#,1,2,S,1.0,0.8333333333333334,0,7,True
56895393,Luissylar,Luis Saldivar,2,2,1,1.0,2335,0.31263383297644537,8,15,0.5333333333333333,1,12,PHP,PHP,1,1,J,1.0,0.0,0,724,False
79887986,gerardoisla0,Julio Gerardo Isla Goicochea,3,4,0,1.3333333333333333,1839,0.5954323001631322,5,1,5.0,1,9,"TypeScript, Dart",TypeScript,2,2,J,1.0,0.3333333333333333,0,371,False
119689098,crissposs,Cristian 🦭,4,5,2,1.25,1199,1.2176814011676396,3,1,3.0,1,12,"HTML, CSS",HTML,2,2,J,0.5,0.0,0,33,True
3536982,ekmartin,Martin Ek,16,1046,213,65.375,4779,1.2220129734254028,209,112,1.8660714285714286,6,1681,"JavaScript, Python, Shell",JavaScript,7,2,J,1.0,0.75,62,1027,False
47990946,test0n3,Carlos A.,31,31,4,1.0,2574,4.395881895881896,30,72,0.4166666666666667,1,69,"JavaScript, HTML, Ruby",JavaScript,5,7,J,0.9354838709677419,0.16129032258064516,29,18,True
9002215,riux,Riux,1,1,0,1.0,4181,0.08729968906960058,14,7,2.0,1,15,Vue,Vue,1,1,J,1.0,0.0,0,2184,False
75816978,WFernandoc07,William Castrejon,3,3,0,1.0,1920,0.5703125,1,12,0.08333333333333333,1,4,"Jupyter Notebook, Java, HTML",Jupyter Notebook,3,3,P,0.3333333333333333,0.0,0,621,False
52054723,bvilladev,Brayan Alexander Villanueva Quispe,4,5,0,1.25,2459,0.5937372915819439,8,1,8.0,1,13,Java,Java,1,3,J,0.0,0.0,0,212,False
50956366,csswoman,Karla Agraz,3,10,2,3.3333333333333335,2488,0.440112540192926,192,111,1.7297297297297298,2,206,"CSS, JavaScript",CSS,2,2,I,1.0,0.0,4,1450,False
3810688,IgnacioGans,Ignacio Gutiérrez,7,7,0,1.0,4754,0.5374421539755995,9,6,1.5,1,16,"JavaScript, CSS, TypeScript",JavaScript,3,2,J,0.8571428571428571,0.42857142857142855,0,1484,False
1782130,moisesli,Moises Linares O.,1,2,0,2.0,5040,0.07242063492063491,22,26,0.8461538461538461,1,24,PHP,PHP,1,1,K,0.0,0.0,0,2934,False
39033189,luisfernandosolis,Luis fernando solis,23,29,0,1.2608695652173914,2869,2.9261066573719066,18,21,0.8571428571428571,2,47,"Jupyter Notebook, Python, TypeScript",Jupyter Notebook,4,5,J,0.5217391304347826,0.08695652173913043,12,26,True
5665734,FrancoRosa,FrancoRosa,6,16,8,2.6666666666666665,4537,0.48269781794137095,25,9,2.7777777777777777,2,57,"JavaScript, C++, Shell",JavaScript,3,5,J,1.0,0.0,0,235,False
11939055,fernandops26,Fernando Palacios,2,96,22,48.0,3988,0.18304914744232698,12,4,3.0,2,152,TypeScript,TypeScript,1,1,J,1.0,0.5,1,1097,False
143958576,BeltranHC,JUNIOR HUARAYA,1,5,0,5.0,923,0.39544962080173346,13,13,1.0,1,18,TypeScript,TypeScript,1,1,J,1.0,0.0,0,50,True
91240794,OmarUTEC,Om@r,11,28,3,2.5454545454545454,1634,2.4571603427172586,676,1487,0.4546065904505716,2,710,"Python, Vue",Python,2,6,J,0.9090909090909091,0.18181818181818182,0,0,True
79876959,ArthurGC,Arthur Guzman,49,98,9,2.0,1839,9.725394235997825,32,14,2.2857142857142856,4,148,"HTML, JavaScript, SCSS",HTML,9,6,J,0.9795918367346939,0.46938775510204084,2,1148,False
46494611,Onnichan,Daniel Aguilar,1,14,30,14.0,2622,0.13920671243325705,19,35,0.5428571428571428,1,93,JavaScript,JavaScript,1,1,J,1.0,0.0,0,1405,False
83934616,antonyayansi,Antony Ayansi,4,4,0,1.0,1770,0.824858757062147,17,12,1.4166666666666667,1,21,"PHP, Vue, CSS",PHP,3,3,K,0.75,0.0,0,373,False
380774,chafarleston,charles paul requena palomino,1,4,9,4.0,5676,0.06430584918957012,20,28,0.7142857142857143,1,42,Shell,Shell,1,1,J,0.0,0.0,0,2259,False
33376402,MishaHernandez,Mijail Hernandez,1,4,4,4.0,3053,0.11955453652145431,6,12,0.5,1,18,SCSS,SCSS,1,1,J,1.0,0.0,0,1853,False
103982003,Dacyz,Diego Arturo Yangua Merino,2,7,4,3.5,1426,0.511921458625526,5,4,1.25,2,20,Dart,Dart,1,1,J,1.0,0.5,0,559,False
20673011,linder3hs,Linder Hassinger,22,167,14,7.590909090909091,3518,2.282546901648664,346,17,20.352941176470587,7,541,"TypeScript, JavaScript, HTML",TypeScript,5,2,J,0.5909090909090909,0.09090909090909091,6,308,False
11827305,ChrisChV,Chris Chávez,12,39,16,3.25,3995,1.0963704630788487,27,4,6.75,3,98,"C++, Dart, Python",C++,6,3,J,0.75,0.3333333333333333,29,1151,False
49838578,gerardokaztro,Gerardo Castro ☁️🔐,5,281,36,56.2,2520,0.7242063492063492,62,13,4.769230769230769,2,415,"HTML, JavaScript",HTML,2,3,J,0.8,0.6,0,2,True
32112786,javierstamina,Javier Alejandro Arteaga Gonzales,6,11,2,1.8333333333333333,3098,0.7069076823757263,2,2,1.0,1,17,"JavaScript, R, Java",JavaScript,4,1,P,1.0,0.0,0,1051,False
21184592,heygonzalocaira,Gonzalo Caira,12,228,60,19.0,3491,1.2546548266972215,56,23,2.4347826086956523,3,404,"Dart, C++, Python",Dart,4,5,P,0.9166666666666666,0.3333333333333333,2,723,False
77988885,kenyihq,Kenyi Hancco,5,10,1,2.0,1874,0.9738527214514409,2,1,2.0,2,14,"Python, Java, TypeScript",Python,4,4,J,1.0,0.2,1,1123,False
374087,maraca,Martin Cozzi,6,20,8,3.3333333333333335,5682,0.38542766631467795,32,61,0.5245901639344263,3,68,"Python, Shell, Go",Python,4,2,J,0.8333333333333334,0.3333333333333333,2,4485,False
197961840,MariluFiorela,Marilu Fiorela Pauccar Lima ,1,1,0,1.0,402,0.9079601990049752,2,4,0.5,1,3,Jupyter Notebook,Jupyter Notebook,1,1,P,1.0,0.0,0,5,True
38053554,MineiToshio,Sergio Toshio Minei,8,956,588,119.5,2902,1.0062026188835287,310,23,13.478260869565217,3,2442,"HTML, JavaScript, TypeScript",HTML,6,7,J,1.0,0.75,6,831,False
28662284,jsalinasvela,Jesus Salinas Vela,10,14,2,1.4,3228,1.130731102850062,23,60,0.38333333333333336,2,41,"Java, JavaScript, PHP",Java,3,4,J,0.4,0.0,0,2812,False
95115663,AxelCruzado,,3,4,0,1.3333333333333333,1569,0.6978967495219885,2,1,2.0,1,6,"HTML, Kotlin, TypeScript",HTML,3,3,J,1.0,0.0,0,200,False
